review,sentiment
"I love this product, it's absolutely amazing!",positive
"This is terrible, worst purchase ever.",negative
"Absolutely fantastic experience, highly recommend!",positive
"Not worth the money, very disappointing.",negative
"Really enjoyed using this, great quality!",positive
"Horrible service, completely frustrating.",negative
"The best product I've ever bought!",positive
"Total waste of time, doesn't work.",negative
"Super impressed with the features!",positive
"Poor quality, broke after one use.",negative
"Such a delightful experience, love it!",positive
"Really annoying, constant issues.",negative
"Perfect in every way, couldn't be happier!",positive
"Terrible design, not user-friendly.",negative
"Outstanding performance, worth every penny!",positive
"Awful customer support, no help at all.",negative
"Really fun to use, great value!",positive
"Disappointing, didn't meet expectations.",negative
"Exceptional quality, highly satisfied!",positive
"Frustrating experience, wouldn't recommend.",negative
"Love the sleek design and functionality!",positive
"Complete failure, stopped working quickly.",negative
"Amazing product, exceeded my expectations!",positive
"Very unreliable, regret buying it.",negative
"Fantastic customer service, very happy!",positive
"Nothing special, overpriced for what it is.",negative
"Really intuitive and well-made!",positive
"Terrible, kept crashing all the time.",negative
"Absolutely wonderful, best purchase ever!",positive
"Hated it, total letdown.",negative